{"stats":{"minecraft:mined":{"minecraft:birch_log":5,"minecraft:birch_leaves":1,"minecraft:pumpkin":5,"gravestone:gravestone":2,"minecraft:grass":4,"minecraft:grass_block":2,"minecraft:red_tulip":7,"minecraft:oak_log":15,"minecraft:iron_bars":1,"minecraft:dirt":27,"minecraft:stone":18,"minecraft:oak_leaves":6},"minecraft:broken":{"minecraft:wooden_axe":1},"minecraft:picked_up":{"minecraft:birch_log":5,"minecraft:stick":2,"minecraft:crafting_table":1,"minecraft:pumpkin":5,"minecraft:porkchop":14,"minecraft:oak_log":17,"gravestone:obituary":3,"minecraft:spider_eye":2,"minecraft:dirt":47,"minecraft:string":5,"minecraft:bone":4,"minecraft:arrow":4,"minecraft:rotten_flesh":5,"minecraft:apple":2,"minecraft:wheat_seeds":2,"minecraft:orange_tulip":3,"minecraft:red_dye":1,"minecraft:red_tulip":8,"minecraft:oak_sapling":6,"minecraft:mutton":3,"minecraft:birch_sapling":1,"minecraft:iron_bars":1,"minecraft:white_wool":2,"minecraft:cobblestone":19,"minecraft:ender_pearl":1},"minecraft:used":{"minecraft:wooden_axe":30,"minecraft:apple":2,"minecraft:stone_pickaxe":1,"minecraft:oak_planks":34,"minecraft:wooden_pickaxe":42,"minecraft:dirt":23,"minecraft:stone_axe":50,"minecraft:crafting_table":1,"minecraft:furnace":1,"minecraft:cooked_porkchop":3},"minecraft:killed_by":{"minecraft:skeleton":1,"minecraft:zombie":1},"minecraft:dropped":{"minecraft:mutton":3,"gravestone:obituary":5},"minecraft:crafted":{"minecraft:oak_planks":68,"minecraft:cooked_porkchop":10,"minecraft:crafting_table":1,"minecraft:stick":8,"minecraft:wooden_pickaxe":1,"minecraft:stone_pickaxe":1,"minecraft:wooden_axe":1,"minecraft:furnace":1,"minecraft:birch_planks":20,"minecraft:stone_axe":1,"minecraft:air":0},"minecraft:killed":{"minecraft:sheep":2,"minecraft:zombie":5,"minecraft:pig":6,"minecraft:spider":3,"minecraft:enderman":1},"minecraft:custom":{"minecraft:time_since_rest":36498,"minecraft:interact_with_furnace":6,"minecraft:sprint_one_cm":122413,"minecraft:damage_taken":720,"minecraft:walk_one_cm":177623,"minecraft:mob_kills":18,"minecraft:drop":6,"minecraft:damage_dealt":2737,"minecraft:swim_one_cm":13120,"minecraft:interact_with_crafting_table":6,"minecraft:fly_one_cm":95899,"minecraft:play_time":62722,"minecraft:crouch_one_cm":3287,"minecraft:deaths":2,"minecraft:sneak_time":1084,"minecraft:walk_under_water_one_cm":2052,"minecraft:jump":668,"minecraft:leave_game":4,"minecraft:time_since_death":36470,"minecraft:walk_on_water_one_cm":9308,"minecraft:total_world_time":62722,"minecraft:fall_one_cm":12663}},"DataVersion":3465}