{"stats":{"minecraft:mined":{"minecraft:kelp_plant":3,"minecraft:crafting_table":3,"gravestone:gravestone":3,"minecraft:grass_block":3,"minecraft:tall_grass":1,"minecraft:copper_ore":2,"minecraft:cobblestone":1,"minecraft:sugar_cane":3,"minecraft:kelp":2,"minecraft:furnace":2,"minecraft:birch_log":5,"minecraft:pumpkin":6,"minecraft:grass":11,"minecraft:oak_log":27,"minecraft:coal_ore":24,"minecraft:gravel":2,"minecraft:dirt":12,"lucky:lucky_block":1,"minecraft:stone":66,"minecraft:netherrack":3,"minecraft:oak_leaves":3},"minecraft:picked_up":{"minecraft:wooden_axe":1,"minecraft:birch_log":4,"minecraft:crafting_table":3,"minecraft:leather":1,"minecraft:oak_log":25,"minecraft:dirt":15,"minecraft:raw_copper":5,"minecraft:apple":1,"minecraft:kelp":1,"minecraft:stone_pickaxe":2,"minecraft:beef":5,"minecraft:sugar_cane":3,"minecraft:furnace":1,"minecraft:stick":2,"minecraft:pumpkin":6,"minecraft:copper_ingot":1,"minecraft:gravel":2,"minecraft:porkchop":2,"minecraft:rotten_flesh":9,"minecraft:red_tulip":1,"minecraft:oak_sapling":3,"minecraft:mutton":3,"minecraft:netherrack":3,"minecraft:coal":23,"minecraft:cobblestone":65},"minecraft:used":{"minecraft:stone_pickaxe":94,"minecraft:wooden_pickaxe":19,"minecraft:torch":2,"minecraft:dirt":10,"minecraft:crafting_table":3,"minecraft:wooden_axe":4,"minecraft:gravel":2,"minecraft:stone_axe":57,"minecraft:cobblestone":12,"minecraft:furnace":2,"minecraft:oak_sapling":2,"minecraft:cooked_porkchop":1,"minecraft:pumpkin":3},"minecraft:killed_by":{"minecraft:zombie":2},"minecraft:dropped":{"minecraft:crafting_table":1,"minecraft:wooden_axe":1,"gravestone:obituary":3,"minecraft:red_dye":1,"minecraft:stone_pickaxe":2},"minecraft:killed":{"minecraft:pig":1,"minecraft:creeper":1,"minecraft:zombie":4,"minecraft:cow":2},"minecraft:crafted":{"minecraft:red_dye":1,"minecraft:oak_planks":32,"minecraft:wooden_shovel":1,"minecraft:cooked_porkchop":2,"minecraft:crafting_table":1,"minecraft:wooden_pickaxe":1,"minecraft:furnace":1,"minecraft:pumpkin_seeds":4,"minecraft:birch_planks":16,"minecraft:stone_axe":1,"minecraft:stick":12,"minecraft:stone_pickaxe":1,"minecraft:wooden_axe":1,"minecraft:torch":16},"minecraft:custom":{"minecraft:interact_with_furnace":7,"minecraft:mob_kills":9,"minecraft:interact_with_crafting_table":9,"minecraft:leave_game":2,"minecraft:time_since_death":32677,"minecraft:time_since_rest":32764,"minecraft:sprint_one_cm":109613,"minecraft:damage_taken":675,"minecraft:walk_one_cm":81051,"minecraft:drop":8,"minecraft:damage_dealt":1388,"minecraft:swim_one_cm":13679,"minecraft:fly_one_cm":49090,"minecraft:crouch_one_cm":3255,"minecraft:play_time":64670,"minecraft:deaths":3,"minecraft:sneak_time":791,"minecraft:walk_under_water_one_cm":2535,"minecraft:jump":347,"minecraft:walk_on_water_one_cm":1927,"minecraft:total_world_time":64670,"minecraft:fall_one_cm":5434}},"DataVersion":3465}